{
	"class_name" : "PinholeCameraParameters",
	"extrinsic" : 
	[
		1.0,
		-0.0,
		-0.0,
		0.0,
		0.0,
		-1.0,
		-0.0,
		0.0,
		0.0,
		-0.0,
		-1.0,
		0.0,
		0.072492465376853943,
		0.0099989324808120728,
		1.7509492713911141,
		1.0
	],
	"intrinsic" : 
	{
		"height" : 480,
		"intrinsic_matrix" : 
		[
			415.69219381653056,
			0.0,
			0.0,
			0.0,
			415.69219381653056,
			0.0,
			319.5,
			239.5,
			1.0
		],
		"width" : 640
	},
	"version_major" : 1,
	"version_minor" : 0
}