{
	"class_name" : "PinholeCameraParameters",
	"extrinsic" : 
	[
		0.9645128805502573,
		0.25141154801003635,
		0.080666825770216624,
		0.0,
		-0.25997263469983239,
		0.95765536248833438,
		0.12373534622154103,
		0.0,
		-0.046142523336644682,
		-0.14031550243837748,
		0.98903105477815667,
		0.0,
		0.095082993544276462,
		0.077263992268557069,
		0.8399633174209582,
		1.0
	],
	"intrinsic" : 
	{
		"height" : 480,
		"intrinsic_matrix" : 
		[
			415.69219381653056,
			0.0,
			0.0,
			0.0,
			415.69219381653056,
			0.0,
			319.5,
			239.5,
			1.0
		],
		"width" : 640
	},
	"version_major" : 1,
	"version_minor" : 0
}